Entry_Number,Description,Category,Weight_g,Location,Page
Entry-24-0,"• THC Cartridges - 981.2 Grams • THCOil - 28 Grams • Pre-RolledCannabis - 2,066.5 Grams • Pre-PackagedCannabis-3,294.75 Grams • THC Gummies-912.13 Grams",Cartridge,981.2,,24
Entry-24-1,"• THCOil - 28 Grams • Pre-RolledCannabis - 2,066.5 Grams • Pre-PackagedCannabis-3,294.75 Grams • THC Gummies-912.13 Grams • SuspectedPsílocybin Edibles/Gummies - 460Grams",Edible,28.0,,24
Entry-24-2,• THC Cartridges -767 Grams • THCOil-56 Grams • Pre-Rolled Cannabis-373.5 Grams • Pre-Packaged Cannabis-613.5 Grams • THCGummies -345.9 Grams,Cartridge,767.0,,24
Entry-24-3,• THCOil-56 Grams • Pre-Rolled Cannabis-373.5 Grams • Pre-Packaged Cannabis-613.5 Grams • THCGummies -345.9 Grams • SuspectedPsilocybin Edibles/Gummies - 23.8 Grams,Edible,56.0,,24
Entry-24-4,"• THCCartridges - 7,985.4 Grams • THC Oil - 374Grams • Pre-Rolled Cannabis - 3,566.95Grams • Pre-Packaged Cannabis - 2,128.3 Grams • LooseBulkCannabis- 3,057 Grams",Cartridge,985.4,,24
Entry-24-5,"• THC Oil - 374Grams • Pre-Rolled Cannabis - 3,566.95Grams • Pre-Packaged Cannabis - 2,128.3 Grams • LooseBulkCannabis- 3,057 Grams • THC Edibles/Gummies -6,348.4Grams",Edible,374.0,,24
Entry-24-6,"• Pre-Rolled Cannabis - 3,566.95Grams • Pre-Packaged Cannabis - 2,128.3 Grams • LooseBulkCannabis- 3,057 Grams • THC Edibles/Gummies -6,348.4Grams • SuspectedPsilocybinEdibles/Gummies - 1,453.68Grams",Edible,566.95,,24
Entry-24-7,"Detective Armiger knows that Maryland is a total THC state, where some states throughout the United States arenot. This meansto beconsidered Iega11y compliant in the stateofMaryland underthe2018 Farm Bill, a Cannabis sample's total THC mustnot exceed 0.3% onadryweight basis. 202500044777 Page 4of6",Unknown,,,24
Entry-24-8,Cannabis sample's total THC mustnot exceed 0.3% onadryweight basis. 202500044777 Page 4of6 024,Unknown,,,24
Entry-25-10,03/18/25 Tobacco Town 3.5 Grams Cannabis 10.7% TotalTHC 03/18/25 Convenience City Inc. 17.5 Grams Cannabis 18.5% Total THC 04/03/25 Smoke StarInc. 7 GramsCannabis 22.7% Total THC 04/03/25 Smoke City 3.5 Grams Cannabis & 2 8.7% TotalTHC Pre-Rolled Cannabis,Preroll,3.5,,25
Entry-25-11,03/18/25 Convenience City Inc. 17.5 Grams Cannabis 18.5% Total THC 04/03/25 Smoke StarInc. 7 GramsCannabis 22.7% Total THC 04/03/25 Smoke City 3.5 Grams Cannabis & 2 8.7% TotalTHC Pre-Rolled Cannabis Cigarettes,Preroll,17.5,,25
Entry-25-12,04/03/25 Smoke StarInc. 7 GramsCannabis 22.7% Total THC 04/03/25 Smoke City 3.5 Grams Cannabis & 2 8.7% TotalTHC Pre-Rolled Cannabis Cigarettes,Preroll,3.5,,25
Entry-25-13,04/03/25 Smoke City 3.5 Grams Cannabis & 2 8.7% TotalTHC Pre-Rolled Cannabis Cigarettes,Preroll,3.5,,25
Entry-25-14,"gradeCannabis. DetectiveArmigerfurtherconsultedwithAgentMangoldoftheATCCwho advisedthattheabove mentioned store frontswere not licenseddispensaries, thereforwouldonlybepermitted to sell hemp-derivedCBD and Delta-8 THC products, as well as Hemp derived products that contain less than 0.3% Delta-9 THC",Unknown,,frontswere not licenseddispens,25
Entry-25-15,"that upon scanning some of the QR codes on the pre-rolled Cannabis cigarettes, they would direct the person scanning to a third-party tests' results page, which advertised a higher total THC content. This information was readilyavailable to theBabar's as they purchased inventory fortheirstores,knowi",Preroll,,s,25
Entry-25-9,"Asa resultofthefieldtesting, Cannabis from each storetestedhigherthan the0.3% permittablebyMaryland State Law. As an example, several ofthe purchases made from the stores were testedprior to obtaining and executing the search and seizure warrants in this investigation. A sampling ofthosepurchases, b",Unknown,,testedhigherthan the0,25
Entry-71-16,"Thismeans thatbusinesses thatarenotcannabislicenseholders m?ynotsellùuoxicating cannabisproducts, to includeintoxicatinghemp-derivedproducts. This includes edibles, beverages,orother cannabisproducts intended forhumanconsumptionor inhalation thatcontain anytypeofTHCabo?thesúdutoryrestrictions. • Thi",Edible,,,71
Entry-71-17,"cannabisproducts, to includeintoxicatinghemp-derivedproducts. This includes edibles, beverages,orother cannabisproducts intended forhumanconsumptionor inhalation thatcontain anytypeofTHCabo?thesúdutoryrestrictions. • This includes: o Delta-8-THC, Delta-9-THC,andDelta-IO-THC, regardlessofhowderived;",Edible,,,71
Entry-71-18,"beverages,orother cannabisproducts intended forhumanconsumptionor inhalation thatcontain anytypeofTHCabo?thesúdutoryrestrictions. • This includes: o Delta-8-THC, Delta-9-THC,andDelta-IO-THC, regardlessofhowderived; o Anyothercannabinoid, exceptcannabidiol that theMCA determines to cause",Edible,,,71
Entry-71-19,"o Delta-8-THC, Delta-9-THC,andDelta-IO-THC, regardlessofhowderived; o Anyothercannabinoid, exceptcannabidiol that theMCA determines to cause intoxication; and o Any otherchemicallysimilarcompound, substance, derivative, or isomerofTHC, as identified bythe MCA.",Ambiguous,,,71
Entry-71-20,"Accordingly, the ATCCdirectsall businessesthatare notMCAcannabis license holders but seD intoxicating cannabisproducts -to includehempderivedproducts -to REMOVE from theirshelvesproducts with a tobl THC concentration greater than 0.5 mgper serving,or2.5 mg ofTHC per package, as well as anyproducts t",Unknown,,,71
Entry-71-21,"but seD intoxicating cannabisproducts -to includehempderivedproducts -to REMOVE from theirshelvesproducts with a tobl THC concentration greater than 0.5 mgper serving,or2.5 mg ofTHC per package, as well as anyproducts thatcontain non-naturally occurring cannabinoids, such as tetrahydrocannabinol ace",Unknown,,,71
Entry-71-22,"from theirshelvesproducts with a tobl THC concentration greater than 0.5 mgper serving,or2.5 mg ofTHC per package, as well as anyproducts thatcontain non-naturally occurring cannabinoids, such as tetrahydrocannabinol acetate(fHC-0,ATHC,THC-X, Delta 8-0). • Retailers maystill sell:",Unknown,,,71
Entry-71-23,"serving,or2.5 mg ofTHC per package, as well as anyproducts thatcontain non-naturally occurring cannabinoids, such as tetrahydrocannabinol acetate(fHC-0,ATHC,THC-X, Delta 8-0). • Retailers maystill sell: o Hemp products not intended forhumanconsumptionorinhalation, such as",Unknown,,,71
Entry-71-24,"occurring cannabinoids, such as tetrahydrocannabinol acetate(fHC-0,ATHC,THC-X, Delta 8-0). • Retailers maystill sell: o Hemp products not intended forhumanconsumptionorinhalation, such as lotions, balms, salves, orpetCBDproducts.",Unknown,,,71
Entry-71-25,"morethan 0.5 milligrams(mg)ofTHCperserving or 2.5 mgofTHC per package. o Hemp-derived tincture maybesold withoutalicense ifthe product contains a CBO:THC ratio that isatleast 15:l orgreater, e.g. aproductwith2mgofTHC musthave over30 mgofCBD; isdispensed in a containerthat issmallerthan 4",Edible,,,71
Entry-71-26,"CBO:THC ratio that isatleast 15:l orgreater, e.g. aproductwith2mgofTHC musthave over30 mgofCBD; isdispensed in a containerthat issmallerthan 4 ounces, withadropperlid; isonly dissolved in oneofthree solvents(alcohol,",Unknown,,,71
Entry-71-27,"ofbusinesses to identify unlicensedcannabisoperators byinspectingproducts,displayed forsale Advisory#24-002 PageZ issuedDate: July 19,2023 071",Unknown,,,71
Entry-72-28,"tocustomers,during business hours. Ifintoxicatingcannabisproducts, to include intoxicating hempproducts, areobserved, FEDagentswillconduct furtherinvestigationto determineifthe businesssellingordistributing such products islicensedbytheMCA. Uponconfirmation that thebusiness is notlicensedto sell int",Unknown,,,72
Entry-72-29,"hempproducts, areobserved, FEDagentswillconduct furtherinvestigationto determineifthe businesssellingordistributing such products islicensedbytheMCA. Uponconfirmation that thebusiness is notlicensedto sell intoxicatingcannabis products, to include intoxicatinghemp derivedproducts,FEDagentswilltake t",Unknown,,,72
Entry-72-30,"thebusiness is notlicensedto sell intoxicatingcannabis products, to include intoxicatinghemp derivedproducts,FEDagentswilltake the necessary stepstoenforcethe lawagainstbusinesses andindividuals that sellordistributesuchproducts in violation ofthe ABCA. Businessesthatare not MCAcannabis licenseholde",Unknown,,,72
Entry-72-31,"Businessesthatare not MCAcannabis licenseholders butsell intoxicatingcannabis products, to",Unknown,,,72
Entry-72-32,"o A personwho sellsaproductwitha THCconcentration higherthan 0.5 mg per serving or 2.5 mg perpackage isguiltyofa misdemeanorandwill be subjectto a fineof up to $5,000. o Aperson who sells any productthat contains non-naturallyoccurring cannabinoids is guiltyofamisdemeanor andwill besubject to a fine",Unknown,,,72
Entry-72-33,"distributing intoxicating cannabisproducts, lo includeintoxicating hemp derived products. These intoxicating cannabis products, includingintoxicatinghempderivedproducts,mustbe removed ordestroyedand maynotbesold. PleaseseeAttachmentA,enclosedwiththis Advisory, which provides examples ofthe typesofpr",Unknown,,,72
Entry-72-34,"These intoxicating cannabis products, includingintoxicatinghempderivedproducts,mustbe removed ordestroyedand maynotbesold. PleaseseeAttachmentA,enclosedwiththis Advisory, which provides examples ofthe typesofproducts thatare no longerpermitted to be sold without anMCA issuedcannabislicense. Business",Unknown,,,72
Entry-73-35,• MarylandCannabisAdministration:informa1i1m.mmcc{£1!111arylar1d.gov o Contacts: !ll!Py/ttmll'C.mnr_ylnnru;ov/Png_cs/contact-r1s3.aspx • Legal& LegislativeDivision:ùllld-tmlil?cn--:e<ka1umbi:- :1tc-c(!!LJnoJvland.gov o Questionsaboutthecannabisenforcementprocess. • field EnforcementDivision: dlte<J.,Unknown,,,73
Entry-242-36,"This means thatbusinesses that are not cannabis license holders may notsell intoxicating cannabisproducts, to include intoxicatinghemp-derivedproducts. This includes edibles, beverages, or other cannabisproducts intended for human consumption or inhalation thatcontain any typeofTHCabovethestatutory ",Edible,,,242
Entry-242-37,"cannabisproducts, to include intoxicatinghemp-derivedproducts. This includes edibles, beverages, or other cannabisproducts intended for human consumption or inhalation thatcontain any typeofTHCabovethestatutory restrictions. • This includes: o Delta-8-THC, Delta-9-THC, andDelta-IO-THC, regardless of",Edible,,,242
Entry-242-38,"beverages, or other cannabisproducts intended for human consumption or inhalation thatcontain any typeofTHCabovethestatutory restrictions. • This includes: o Delta-8-THC, Delta-9-THC, andDelta-IO-THC, regardless ofhow derived; o Any other cannabinoid, exceptcannabidiol thattheMCA determines to cause",Edible,,,242
Entry-242-39,"o Delta-8-THC, Delta-9-THC, andDelta-IO-THC, regardless ofhow derived; o Any other cannabinoid, exceptcannabidiol thattheMCA determines to cause intoxication; and o Any other chemically similarcompound, substance, derivative, or isomerofTHC, as identified by theMCA.",Ambiguous,,,242
Entry-242-40,"Accordingly, the ATCC directs all businesses that are not MCA cannabis license holders butselJ intoxicating cannabis products - to include hemp derived products - to REMOVE from their shelvesproducts with a total THC concentration greater than 0.5 mg per serving, or 2.5 mg ofTHC per package, as well",Unknown,,,242
Entry-242-41,"butselJ intoxicating cannabis products - to include hemp derived products - to REMOVE from their shelvesproducts with a total THC concentration greater than 0.5 mg per serving, or 2.5 mg ofTHC per package, as well as any products thatcontain non-naturally occurring cannabinoids, such as tetrahydroca",Unknown,,,242
Entry-242-42,"from their shelvesproducts with a total THC concentration greater than 0.5 mg per serving, or 2.5 mg ofTHC per package, as well as any products thatcontain non-naturally occurring cannabinoids, such as tetrahydrocannabinol acetate (THC-O, ATHC, THC-X, Delta 8-0). • Retaílers may still sell:",Unknown,,,242
Entry-242-43,"serving, or 2.5 mg ofTHC per package, as well as any products thatcontain non-naturally occurring cannabinoids, such as tetrahydrocannabinol acetate (THC-O, ATHC, THC-X, Delta 8-0). • Retaílers may still sell: o Hempproducts not intended forhuman consumption or inhalation, suchas",Unknown,,,242
Entry-242-44,"occurring cannabinoids, such as tetrahydrocannabinol acetate (THC-O, ATHC, THC-X, Delta 8-0). • Retaílers may still sell: o Hempproducts not intended forhuman consumption or inhalation, suchas lotions, balms, salves, or petCBD products.",Unknown,,,242
Entry-242-45,"more than 0.5 milligrams (mg) ofTHC per serving or 2.5 mgofTHCper package. o Hemp-derived tincture may be sold without a license iftheproduct contains a CBD:THC ratio that is atleast 15:l or greater, e.g. a product with 2 mg ofTHC musthave over30 mg ofCBD; is dispensed in acontainer that is smaller ",Edible,,,242
Entry-242-46,"CBD:THC ratio that is atleast 15:l or greater, e.g. a product with 2 mg ofTHC musthave over30 mg ofCBD; is dispensed in acontainer that is smaller than 4 ounces, with a dropperlid; is only dissolved in one ofthree solvents (alcohol, glycerin, or vegetable oil); and contains no more than 100 milligra",Unknown,,,242
Entry-242-47,"ofbusinesses to identify unlicensed cannabis operators by inspectingproducts, displayed forsale Advisory #24-002 Page2 Issued Date: July 19,2023 242",Unknown,,,242
Entry-243-48,"to customers, during business hours. Ifintoxicating cannabis products, to include intoxicating hempproducts, are observed, FED agents will conduct furtherinvestigation to determine ifthe business sellingor distributing suchproducts is licensed bytheMCA. Upon confirmation that the business is not lic",Unknown,,,243
Entry-243-49,"hempproducts, are observed, FED agents will conduct furtherinvestigation to determine ifthe business sellingor distributing suchproducts is licensed bytheMCA. Upon confirmation that the business is not licensed to sell intoxicatingcannabis products, to include intoxicating hemp derivedproducts, FED ",Unknown,,,243
Entry-243-50,"the business is not licensed to sell intoxicatingcannabis products, to include intoxicating hemp derivedproducts, FED agentswill take the necessary steps to enforce the law againstbusinesses and individuals that sell or distribute such products in violationofthe ABCA. Businesses thatare not MCA cann",Unknown,,,243
Entry-243-51,"Businesses thatare not MCA cannabis licenseholders but sell intoxicating cannabis products, to",Unknown,,,243
Entry-243-52,"o Aperson who sells aproduct with aTHC concentration higherthan 0.5 mg per serving or 2.5 mg perpackage is guilty ofa misdemeanor and will be subject to a fine of upto $5,000. o A person who sells anyproduct that contains non-naturally occurring cannabinoids is guilty ofa misdemeanor and will be sub",Unknown,,,243
Entry-243-53,"distributing intoxicating cannabisproducts, to include intoxicating hemp derived products. These intoxicatingcannabis products, including intoxicating hemp derived products, must be removed or destroyed and may not besold. Please see Attachment A, enclosedwith this Advisory, whichprovides examples o",Unknown,,,243
Entry-243-54,"These intoxicatingcannabis products, including intoxicating hemp derived products, must be removed or destroyed and may not besold. Please see Attachment A, enclosedwith this Advisory, whichprovides examples ofthetypes ofproducts that are no longerpermittedto be sold without an MCA issued cannabis l",Unknown,,,243
Entry-243-55,"holders, but currently sell intoxicating cannabisproducts, to include hemp derived products, should review their inventory to identify theseproducts forremoval. More informationabout MCA, including the process to obtain a license and theproduct testing procedures may be found athllps://mmcc.marylamJ",Unknown,,,243
Entry-243-56,"Division, at dllld-unlicensedcannabis atcc(@.maryland.gov ifyou have any questions aboutthis Advisory or the enforcementprocess. ffyou have any information about businesses continuing to display and sell prohibited products, it should bedirected to our FieldEnforcement Division at dJfed !!.uliçeosed",Unknown,,,243
Entry-243-57,"!!.uliçeosedcannabisJtcc@mª1:YlanrjgQy . Advisory#24-002 ., - .? Page3 Issued Date: July 19, 2023 ? .... 243",Unknown,,,243
Entry-244-58,"• MarylandCannabis Administration: infonnation.mmcc@maryland.goy o Contacts: https;//mmcc.1111uyland.gov/Pages/contact-L1s3.aspx, • Legal & Legislative Division: dllld-unlicensedcannabis aLcc@maryland.gov o Questionsabout the cannabis enforcement process. • Field EnforcementDivision: dlfed-unlicensc",Unknown,,,244
Entry-244-59,• Legal & Legislative Division: dllld-unlicensedcannabis aLcc@maryland.gov o Questionsabout the cannabis enforcement process. • Field EnforcementDivision: dlfed-unlicenscdcannabis atcc@maryland.gov o 1fyouhave informationabout businesses continuing to displayandsell prohibitedproducts.,Unknown,,,244
Entry-282-60,"• THC Cartridges - 981.2 Grams • THC Oil - 28 Grams • Pre-Rolled Cannabis - 2,066.5 Grams • Pre-Packaged Cannabis - 3,294.75 Grams • THCGummies - 912.13 Grams",Cartridge,981.2,,282
Entry-282-61,"• THC Oil - 28 Grams • Pre-Rolled Cannabis - 2,066.5 Grams • Pre-Packaged Cannabis - 3,294.75 Grams • THCGummies - 912.13 Grams • Suspected Psilocybin Edibles/Gummies - 460 Grams",Edible,28.0,,282
Entry-282-62,• THC Cartridges-767 Grams • THCOil - 56Grams • Pre-RolledCannabis - 373.5 Grams • Pre-PackagedCannabis - 613.5 Grams • THCGummies - 345.9Grams,Cartridge,767.0,,282
Entry-282-63,• THCOil - 56Grams • Pre-RolledCannabis - 373.5 Grams • Pre-PackagedCannabis - 613.5 Grams • THCGummies - 345.9Grams • Suspected Psilocybin Edibles/Gummies - 23.8 Grams,Edible,56.0,,282
Entry-282-64,"• THC Cartridges - 7,985.4Grams • THC Oil - 374Grams • Pre-RolledCannabis - 3,566.95 Grams • Pre-Packaged Cannabis - 2,128.3 Grams • Loose BulkCannabis -3,057 Grams",Cartridge,985.4,,282
Entry-282-65,"• THC Oil - 374Grams • Pre-RolledCannabis - 3,566.95 Grams • Pre-Packaged Cannabis - 2,128.3 Grams • Loose BulkCannabis -3,057 Grams • THC Edibles/Gummies - 6,348.4 Grams",Edible,374.0,,282
Entry-282-66,"• Pre-RolledCannabis - 3,566.95 Grams • Pre-Packaged Cannabis - 2,128.3 Grams • Loose BulkCannabis -3,057 Grams • THC Edibles/Gummies - 6,348.4 Grams • Suspected PsilocybinEdibles/Gummies- 1,453.68 Grams",Edible,566.95,,282
Entry-282-67,"Detective Armiger knows that Maryland is a total THC state, where some states throughout the United",Unknown,,,282
Entry-282-68,Cannabis sample's total THC must not exceed 0.3% on a dry weight basis. 202500044777 Page4of6 282,Unknown,,,282
Entry-283-69,"As aresult ofthe field testing, Cannabis from each store tested higherthan the0.3% permittable by Maryland State Law. As an example, several ofthe purchases made from the stores were tested prior to obtaining and executing the search and seizure warrants in this investigation. A sampling ofthose pur",Unknown,,tested higherthan the0,283
Entry-283-70,03/18/25 Tobacco Town 3.5 Grams Cannabis 10.7% Total THC 03/18/25 Convenience City Inc. 17.5 Grams Cannabis 18.5% Total THC 04/03/25 Smoke Star lnc. 7 Grams Cannabis 22.7% Total THC 04/03/25 Smoke City 3.5 Grams Cannabis & 2 8.7%Total THC Pre-Rolled Cannabis,Preroll,3.5,,283
Entry-283-71,03/18/25 Convenience City Inc. 17.5 Grams Cannabis 18.5% Total THC 04/03/25 Smoke Star lnc. 7 Grams Cannabis 22.7% Total THC 04/03/25 Smoke City 3.5 Grams Cannabis & 2 8.7%Total THC Pre-Rolled Cannabis Cigarettes,Preroll,17.5,,283
Entry-283-72,04/03/25 Smoke Star lnc. 7 Grams Cannabis 22.7% Total THC 04/03/25 Smoke City 3.5 Grams Cannabis & 2 8.7%Total THC Pre-Rolled Cannabis Cigarettes,Preroll,7.0,,283
Entry-283-73,04/03/25 Smoke City 3.5 Grams Cannabis & 2 8.7%Total THC Pre-Rolled Cannabis Cigarettes,Preroll,3.5,,283
Entry-283-74,"gradeCannabis. DetectiveArmigerfurtherconsulted withAgentMangoldoftheATCCwhoadvisedthattheabove mentioned store fronts were not licenseddispensaries, there forwould only be permittedto sell hemp-derived CBD and Delta-8 THC products, as well as Hemp derived products that contain less than 0.3% Delta-",Unknown,,fronts were not licenseddispen,283
Entry-283-75,"that upon scanning some of the QR codes on the pre-rolled Cannabis cigarettes, they would direct the person scanning to a third-party tests' results page, which advertised a higher total THC content. This information was readilyavailable to theBabar's as they purchased inventory fortheirstores, know",Preroll,,s,283
Entry-287-76,"SinceFebruary 202S,youraffia11tbegan investigatingthedistributionofCannabisby Zaheer Bahar, Rn Asian male, having a date of birth of January Ist, 1973, and bis wife, AmandeepBahar, anAsian female,havinga dateofbirth ofJuly31'1, 1984, utilizingseveral",Unknown,,,287
EV-25,1 Three Pre-Rolled Cigarette Containing Suspected Cannabis EV-25-1244,Preroll,,,335
EV-25,"2 Multi-Color ""Curevana"" Container Containing Suspected Cannabis EV-25-1243",Ambiguous,,,335
Entry-336-79,"DetectiveArmigermet with AgentMangold, whowouldconduct thetest. Thecannabiswastestedutilizingthe LíghtLab3 CannabisAnalyzer. As aresultofthetest,thepurchased Cannabistested atatotal THC level of1.5%THC. DetectiveP. Armiger #160 Corporal Wolfe#592 SergeantDeVeau#497 Page1 336",Unknown,,,336
Entry-336-80,"LíghtLab3 CannabisAnalyzer. As aresultofthetest,thepurchased Cannabistested atatotal THC level of1.5%THC. DetectiveP. Armiger #160 Corporal Wolfe#592 SergeantDeVeau#497 Page1 336",Unknown,,,336
Entry-346-81,"Afterthe sale, Detective Scroggins returnedto his covertvehicleand eventuallytransportedthe Cannabis totheHarfordCounty DrugTaskForceOfficeforprocessing. Nothing furtherto reportatthis time. Corporal0easel#984 SergeantSives#835",Unknown,,,346
Entry-348-82,307.Sg ofPre-rolled Cannabis (195 Units) 603.Sg ofPrepackaged Cannabis (158 Units) 709.Sg ofJarred Cannabis(14 Units) 847.54gofTHC Edibles (286 Units) 2691.SgofVacuum Sealed BagsofCannabis (6 Units),Edible,,,348
Entry-348-83,"603.Sg ofPrepackaged Cannabis (158 Units) 709.Sg ofJarred Cannabis(14 Units) 847.54gofTHC Edibles (286 Units) 2691.SgofVacuum Sealed BagsofCannabis (6 Units) $78,792.00of USD",Edible,,,348
Entry-348-84,"709.Sg ofJarred Cannabis(14 Units) 847.54gofTHC Edibles (286 Units) 2691.SgofVacuum Sealed BagsofCannabis (6 Units) $78,792.00of USD -=r,,,,./-14( J?ll'tt:)l.,,",Edible,,,348
Entry-348-85,"847.54gofTHC Edibles (286 Units) 2691.SgofVacuum Sealed BagsofCannabis (6 Units) $78,792.00of USD -=r,,,,./-14( J?ll'tt:)l.,, On May 29th, 2025, at approximately 1211 hours,Detective Scroggins #1257 and members ofthe",Edible,,,348
Entry-348-86,"2691.SgofVacuum Sealed BagsofCannabis (6 Units) $78,792.00of USD -=r,,,,./-14( J?ll'tt:)l.,, On May 29th, 2025, at approximately 1211 hours,Detective Scroggins #1257 and members ofthe AberdeenPolice Department enteredthe establishment known as the ""All In One Food Mart"" to serve asearch",Unknown,,,348
Entry-349-88,"Behindthe front counter, Detectives located largeamounts ofcannabis ontheflooralongwith a digital",Unknown,,,349
s,"Detectives began asystematic search ofthe store's cabinets for items containing THC content, and items advertised as those that produce psychedelic effects. Behindthe front counter, Detectives located largeamounts ofcannabis ontheflooralongwith a digital",Unknown,,,349
Entry-350-89,"psylocibin, aschedule 1 controlleddangeroussubstance, andglassjars containingcannabis. Detective Scroggins",Ambiguous,,,350
Entry-351-90,"Detectives located onthe lowershelfofthepedestal, containers containing cannabisresidue. Detective",Unknown,,,351
s,prepackaged cannabis as well as psychedelic candies. Detective Scroggins seizedthis items as Item #7. Page 4 351,Unknown,,,351
Entry-367-93,"Behind thefrontcounter, Detectives located largeamounts ofcannabis on the flooralong with adigital",Unknown,,,367
s,"Detectives begana systematic search ofthe store's cabinets for items containingTHC content, and items advertised asthosethatproducepsychedelic effects. Behind thefrontcounter, Detectives located largeamounts ofcannabis on the flooralong with adigital",Unknown,,,367
Entry-369-94,"Detectives located on the lowershelfofthepedestal, containers containing cannabis residue. Detective",Unknown,,,369
EV-25,"1 Multi-Color ""Curevana"" Container Containing Suspected Cannabis EV-25-1241",Ambiguous,,,390
Entry-391-97,"Cannabisthatwaspurchased fromBest in ChoiceGroceryInc., onTuesday,March181\2025, testedfor Tetrahydrocannabinol(THC) content. Page1 391",Unknown,,,391
EV-25,1 Three Pre-Rolled Suspected Cannabis Cigarettes EV-25-2827,Preroll,,,400
Entry-401-100,"Maryland, 21078 in hopes ofpurchasing marijuana and psylocibin (shrooms) from the business. Detective Testerman was working in an undercovercapacity and thepassengerofthe·covert vehicle, which was parked in the lot ofthe shoppingplaza. Assisting Detective Testerman with this controlled purchase was ",Unknown,,vehicle,401
Entry-401-99,"Cannabis Joints, Psilocybín Edible - 4 grams - $79.00 Type ofReport: (Initial, Supplement, Final) Address: 866 Ostego Street,Havre De Grace, Supplement Maryland, 21078 Assignment:",Edible,4.0,,401
Entry-409-102,• 2066.5 grams ofPre-rolled/ flowercannabis • 861.37 grams ofedibleTHC products • 1104gramsofpsylocibinmushrooms • 44 grams of waxTHCproducts • 105.2 gramsofcartridges containingTHC,Concentrate,2066.5,,409
Entry-409-103,• 861.37 grams ofedibleTHC products • 1104gramsofpsylocibinmushrooms • 44 grams of waxTHCproducts • 105.2 gramsofcartridges containingTHC • 50.76 grams ofeditbale THC products,Concentrate,861.37,,409
Entry-409-104,• 44 grams of waxTHCproducts • 105.2 gramsofcartridges containingTHC • 50.76 grams ofeditbale THC products • 3294.75 grams offlower cannabis • 876 grams ofTHC,Concentrate,44.0,,409
Entry-409-105,• 105.2 gramsofcartridges containingTHC • 50.76 grams ofeditbale THC products • 3294.75 grams offlower cannabis • 876 grams ofTHC Page2 CaseNumber: 2025-121190,Cartridge,50.76,,409
Entry-409-106,• 50.76 grams ofeditbale THC products • 3294.75 grams offlower cannabis • 876 grams ofTHC Page2 CaseNumber: 2025-121190 409,Unknown,50.76,,409
Entry-409-107,• 3294.75 grams offlower cannabis • 876 grams ofTHC Page2 CaseNumber: 2025-121190 409,Unknown,3294.75,,409
Entry-409-108,• 876 grams ofTHC Page2 CaseNumber: 2025-121190 409,Unknown,876.0,,409
sblue,4 BoxofTHC itemsblue packaging BehindCounter S1230 Det.Smith,Unknown,,,409
Entry-411-110,"4 1 Bagof variouswaxtypeTHC $200.00 E ?m, O Yes D Yes o No o No ApproximateWeight=28G 5 1 VariouscartridgescontainingTHC $200.00 E",Concentrate,28.0,,411
Entry-411-111,5 1 VariouscartridgescontainingTHC $200.00 E - ·J..--?:J. D Yes D Yes o No o No ApproximateWeight= 105.2G,Cartridge,105.2,,411
sofsuspectedcannabis,"1 1 Variousitemsofsuspectedcannabis/prerolledcannabiscigarettes $200.00 E 0 Yes 0 Yes ., - +'.-r - 1':::. - S O No o No ApproximateWeight=2066.5G",Preroll,2066.5,msofsuspectedcannabis,411
Entry-417-112,"1 Bag containing 3 prerolled cigarettes suspected Cannabis ;:).':}·??? 2 Bag containing suspected THC gummies 3 bag containing package of suspected Psilocybin gummies f_) -'.'J?? '9', 4 bag containing suspectedwax type THC '.J.'.-i--'w, ':}lt;",Concentrate,,,417
Entry-417-113,"2 Bag containing suspected THC gummies 3 bag containing package of suspected Psilocybin gummies f_) -'.'J?? '9', 4 bag containing suspectedwax type THC '.J.'.-i--'w, ':}lt; 5 bag containing suspected cannabis ?'""' '-'"" q,:x 1 IQ)J I",Concentrate,,,417
Entry-417-114,"4 bag containing suspectedwax type THC '.J.'.-i--'w, ':}lt; 5 bag containing suspected cannabis ?'""' '-'"" q,:x 1 IQ)J I",Concentrate,,,417
Entry-417-115,"5 bag containing suspected cannabis ?'""' '-'"" q,:x 1 IQ)J I",Ambiguous,,,417
Entry-426-117,• 2066.5 grams ofPre-rolled/flowercannabis • 861.37 grams ofedible THC products • 1104 grams ofpsylocibinmushrooms • 44 grams of waxTHC products,Concentrate,2066.5,,426
Entry-426-118,• 861.37 grams ofedible THC products • 1104 grams ofpsylocibinmushrooms • 44 grams of waxTHC products,Concentrate,861.37,,426
Entry-426-119,• 44 grams of waxTHC products,Concentrate,44.0,,426
Entry-426-121,• 50.76 grams ofeditbale THC products • 3294.75 grams offlowercannabis • 876 grams ofTHC Page 2 Case Number: 2025-121190 426,Unknown,50.76,,426
Entry-426-122,• 3294.75 grams offlowercannabis • 876 grams ofTHC Page 2 Case Number: 2025-121190 426,Unknown,3294.75,,426
Entry-426-123,• 876 grams ofTHC Page 2 Case Number: 2025-121190 426,Unknown,876.0,,426
l05,• l05.2 grams ofcartridges containing THC • 50.76 grams ofeditbale THC products • 3294.75 grams offlowercannabis • 876 grams ofTHC Page 2 Case Number: 2025-121190,Cartridge,2.0,,426
sblue,4 BoxofTHC itemsblue packaging Behind Counter S1230 Det. Smith,Unknown,,,426
of18,"LightLab3 CannabisAnalyzer. Asa result ofthetest, the purchased Cannabistestedat atot.a HC evel of18.5%THC, which is higherthanthe limitwhichis allowablebyMarylandstatelaw.Pleases?1ed esults fi rspecificdetails. î.t,,-- ?¿ç¡Sffet.::c *""tGv ___;;:e)??- ??",Unknown,,,449
Entry-454-127,"On May 2l5t, 2025, Detective Armiger coordinated an undercover buy of Cannabis from Convenience City Inc. utilizing Detective Phipps in an undercover capacity. Once at Convenience City, Inc., Det. Phipps entered thestore, where he purchased one ""STIIZY"" jar containing three pre-rolled cannabiscigare",Preroll,,and leftthe area,454
Entry-454-128,"containing three pre-rolled cannabiscigarettes, two ""ZOUR STASH"" pre-rolled cannabiscigarettes, and one ""MUFFINS"" pre-rolled cannabis cigarette. Detective Phippsthen exited the store and leftthe area. Det. Phipps then tookthe Suspected Cannabis backtothe Harford County DrugTask Force Office,where it",Preroll,,and leftthe area,454
Entry-454-129,"""MUFFINS"" pre-rolled cannabis cigarette. Detective Phippsthen exited the store and leftthe area. Det. Phipps then tookthe Suspected Cannabis backtothe Harford County DrugTask Force Office,where it was packaged and secured in the Special Investigations Division Property Room. This investigation is ma",Preroll,,and leftthe area,454
Entry-454-130,"Det. Phipps then tookthe Suspected Cannabis backtothe Harford County DrugTask Force Office,where it was packaged and secured in the Special Investigations Division Property Room. This investigation is marked open and active. DetectiveArmiger#160 Corporal R. Wolfe#592 Sergeant C. Deveau #497",Ambiguous,,,454
MD 21921,"Supplement/6 Pre-Rolled CannabisCigarettes 243 South Bridge St., Elkton, MD 21921 On May 2l5t, 2025, Detective Armiger coordinated an undercover buy of Cannabis from Convenience City Inc. utilizing Detective Phipps in an undercover capacity. Once at Convenience City, Inc., Det. Phipps entered thesto",Preroll,,,454
EV-25,"2 Two ""ZourStash"" Pre-RolledCigarettes Containing Suspected Cannabis EV-25-2447",Preroll,,,455
EV-25,"3 One ""Muffins"" Pre-Rolled Cannabis CigaretteContainingSuspected Cannabis EV-25-2448",Preroll,,,455
Entry-455-131,"1 One""STIIZY""JarContainingThreePre-Rolled CigarettesContainingSuspected CannabisEV-25-2446",Preroll,,,455
Entry-456-134,"purchasingcannabis and psylocibin (shrooms) from the business. DetectiveTesterman was working in an undercover capacity and the passenger ofthe covert vehicle, which was parked in the lot ofthe shopping plaza. AssistingDetective Testerman with this controlled purchase was Sergent Sives, who remained",Unknown,,vehicle,456
Entry-477-135,"investigators learnedthey obtained their Cannabis, THC andpsylocibin from various distributors to include Cosmic Distro, WMD,American HempDistributor, Demand Vape and Cookies. Another subject described byMEHMOOD was a subjectknown as the""Flower Guy"", a distributor from Pennsylvania. The ""FlowerGuy"" ",Edible,,,477
Entry-477-136,"HempDistributor, Demand Vape and Cookies. Another subject described byMEHMOOD was a subjectknown as the""Flower Guy"", a distributor from Pennsylvania. The ""FlowerGuy"" would deliver directly to thestore with cannabis packagedin the large, heat-sealed bags. Once they receive the delivery these large, h",Edible,3.5,with cannabis packagedin the l,477
Entry-477-137,"to thestore with cannabis packagedin the large, heat-sealed bags. Once they receive the delivery these large, heat-sealed bags would be opened and repackaged into eighths (3.5grams). Investigators further learnedfrom MEHMOOD thatthe store hadrecently started selling ounces (28 grams) of 202500121309",Unknown,3.5,with cannabis packagedin the l,477
Entry-478-138,the THC percentages as being within range. RANA had onlymetthe ownerofthe businessone time since being employed. RANA confirmed the storehad only recently begunselling ounces ofcannabis for$119.00 about 3 weeks ago. RANA was unaware ofall thevendors utilized by thebusiness. Throughoutthis encounterb,Unknown,,had only recently begunselling,478
Entry-478-139,employed. RANA confirmed the storehad only recently begunselling ounces ofcannabis for$119.00 about 3 weeks ago. RANA was unaware ofall thevendors utilized by thebusiness. Throughoutthis encounterbothemployees werecooperative withLawEnforcementduring this investigation. Employees wereprovided withco,Unknown,,had only recently begunselling,478
Entry-478-140,Throughoutthis encounterbothemployees werecooperative withLawEnforcementduring this investigation. Employees wereprovided withcopiesofthesearchwarrant andsignedthe Harford County Sheriff's Office,Unknown,,,478
Entry-478-141,Employees wereprovided withcopiesofthesearchwarrant andsignedthe Harford County Sheriff's Office,Unknown,,,478
Entry-478-142,Misc. THC Carts,Cartridge,,,478
Entry-478-143,Pre-Rolled MarijuanaJoint,Preroll,,,478
Entry-478-144,Pre-Packaged Marijuana 202500121309 Page 7of9 478,Unknown,,,478
Entry-479-145,THC Edibles/Gummies,Edible,,,479
EV-25,"3 bag containing three samples of THC Dabs EV-25- 307:?:,",Concentrate,,,486
Entry-486-149,"5 bag containing three samples of Pre-Packaged Cannabis EV?7_<; ß07S - 6 bag containing three samples of Loose Cannabis ç:v.- ?Pi'- ?n 7/o 7 bag containing three samples THC Edibles/ Gummies r;.v,J2. t:;,.,?7,,()77",Edible,,,486
Entry-486-150,"6 bag containing three samples of Loose Cannabis ç:v.- ?Pi'- ?n 7/o 7 bag containing three samples THC Edibles/ Gummies r;.v,J2. t:;,.,?7,,()77",Edible,,,486
Entry-486-151,"7 bag containing three samples THC Edibles/ Gummies r;.v,J2. t:;,.,?7,,()77",Edible,,,486
fV 25,4 bag containing three samples of Cannabis Joints fV 25- ?n71.J .. 5 bag containing three samples of Pre-Packaged Cannabis EV?7_<; ß07S - 6 bag containing three samples of Loose Cannabis ç:v.- ?Pi'- ?n 7/o,Preroll,,,486
w11,1 bag containing three samples ofsuspected THC CartridgesEv42s?w11 2 bag containing threesamples ofsuspected Psylocibin (Shrooms) Edibles/GummiesfV•l.5 .. )0J.,Cartridge,,,486
Entry-503-152,"investigators learned they obtained theirCannabis, THC and psylocibin from various distributorsto include Cosmic Distro, WMD, American HempDistributor, Demand Vape and Cookies. Another subject described by MEHMOOD was asubject known as the ""FlowerGuy"", a distributorfrom Pennsylvania. The ""Flower Guy",Edible,,,503
Entry-503-153,"HempDistributor, Demand Vape and Cookies. Another subject described by MEHMOOD was asubject known as the ""FlowerGuy"", a distributorfrom Pennsylvania. The ""Flower Guy"" would deliverdirectly to the store with cannabis packaged inthe large, heat-sealed bags. Once they receivethe deliverythese large, he",Edible,3.5,with cannabis packaged inthe l,503
Entry-503-154,"to the store with cannabis packaged inthe large, heat-sealed bags. Once they receivethe deliverythese large, heat-sealed bags wouldbe opened and repackaged into eighths (3.5grams). Investigators furtherlearnedfrom MEHMOOD thatthe store had recently started selling ounces (28 grams) of 202500121309 P",Unknown,3.5,with cannabis packaged inthe l,503
Entry-504-155,theTHC percentages as beingwithin range. RANA had only metthe ownerofthe business onetime since being employed. RANA confirmedthe store had only recently begun selling ounces ofcannabis for$119.00 about3 weeks ago. RANA was unaware ofall the vendors utilized by the business. Throughoutthis encounter,Unknown,,had only recently begun sellin,504
Entry-504-156,employed. RANA confirmedthe store had only recently begun selling ounces ofcannabis for$119.00 about3 weeks ago. RANA was unaware ofall the vendors utilized by the business. Throughoutthis encounter bothemployees were cooperative with LawEnforcementduringthis investigation. Employees wereprovidedwit,Unknown,,had only recently begun sellin,504
Entry-504-157,Throughoutthis encounter bothemployees were cooperative with LawEnforcementduringthis investigation. Employees wereprovidedwithcopies ofthe searchwarrant and signed the Harford County Sheriff's Office,Unknown,,,504
Entry-504-158,Employees wereprovidedwithcopies ofthe searchwarrant and signed the Harford County Sheriff's Office,Unknown,,,504
Entry-504-159,Misc. THC Carts,Cartridge,,,504
Entry-505-160,THC Edibles/ Gummies,Edible,,,505
EV-25,2 Two Pre-Rolled Cigarettes Containing Suspected Cannabis EV-25-1870,Preroll,,,509
Entry-510-162,"LightLab3 CannabisAnalyzer. As a result ofthetest, thepurchasedCannabistestedat ato TH eve! of8.7%THC, all? whichrt-'1:??;mit which is ?eas•5· results fo. specific details. Detective P. Armiger#160 Corporal Wolfe#592 ergeant DeVeau #497 Page 1",Unknown,,,510
Entry-522-163,1 Three Pre-Rolled Cigarettes Containing Suspected Cannabis,Preroll,,,522
Entry-529-165,Pre rolled THC cigarettes: 373.5 grams Cannabis (flower): 613.5 grams DABS (concentrated oil cannabis): 56 grams,Concentrate,373.5,,529
Entry-529-166,Cannabis (flower): 613.5 grams DABS (concentrated oil cannabis): 56 grams THC vapes/carts: 767 grams,Concentrate,613.5,,529
Entry-529-167,DABS (concentrated oil cannabis): 56 grams THC vapes/carts: 767 grams THC Gummies: 345.9 grams,Concentrate,56.0,,529
Entry-529-168,THC vapes/carts: 767 grams THC Gummies: 345.9 grams 202500121189,Cartridge,767.0,,529
Entry-529-169,THC Gummies: 345.9 grams 202500121189 529,Edible,345.9,,529
S,TOTAL WEIGHTS OF THC/PSJLOCYBIN ITEMS: Psilocybin: 23.8 grams Pre rolled THC cigarettes: 373.5 grams,Preroll,23.8,,529
Entry-530-170,withemployee GuilhermeSousa.,Unknown,,,530
Entry-539-171,Drua Chemistrv THC percentage CrimeLADU•0nty: LIST OF ARTICLES FSDExhibit#,Unknown,,,539
Entry-539-172,1 bag containing two samplecontainers of suspectedTHC flower 2 bag containing two sample hypridstlllzypre rolled the,Preroll,,,539
Entry-539-173,5 bag containing two sample THC dabs,Concentrate,,,539
Entry-557-175,Pre rolled THC cigarettes: 373.5 grams Cannabis (flower): 613.5 grams DABS (concentrated oil cannabis): 56 grams,Concentrate,373.5,,557
Entry-557-176,Cannabis (flower): 613.5 grams DABS (concentrated oil cannabis): 56 grams THC vapes/carts: 767 grams,Concentrate,613.5,,557
Entry-557-177,DABS (concentrated oil cannabis): 56 grams THC vapes/carts: 767 grams THC Gummies: 345.9 grams,Concentrate,56.0,,557
Entry-557-178,THC vapes/carts: 767 grams THC Gummies: 345.9 grams 202500121189,Cartridge,767.0,,557
Entry-557-179,THC Gummies: 345.9 grams 202500121189 557,Edible,345.9,,557
S,TOTAL WEIGHTS OF THC/PSILOCYBIN ITEMS: Psilocybin: 23.8 grams Pre rolled THC cigarettes: 373.5 grams,Preroll,23.8,,557
Entry-558-180,withemployee Guilherme Sousa.,Unknown,,,558
s,All items were properly packaged and placed into property. Samples of the suspected THC items and,Ambiguous,,,558
Entry-560-182,Drug Chemistry THC percentage CrimeLabUseOnly: LIST OF ARTICLES FSD Exhibit#,Unknown,,,560
Entry-562-183,1 bag containing two sample containers ofsuspectedTHC flower 2 bag containing two sample hyprid stlllzy pre rolled the 3 bag containing two sample cookie berry pre rolled the 4 bag containing two sample Hash Hole pre rolled the 5 bag containing two sample THC dabs,Concentrate,,,562
Entry-562-184,5 bag containing two sample THC dabs,Concentrate,,,562
Entry-587-185,Drug Chemistry THCpercentage Crime LabUseOnly: LIST OF ARTICLES FSD Exhibit#,Unknown,,,587
Entry-587-186,1 bag containing two sample containers of suspected THC flower 2 bag containing two sample hyprid stlllzy pre rolled the 3 bag containing two sample cookie berry pre rolled the AJ 1JU.00\ ' 4 bag containing two sample Hash Hole pre rolled the,Concentrate,,,587
Entry-587-187,5 bag containing two sample THC dabs,Concentrate,,,587
Entry-588-188,Drug Chemistry THC percentage trima LabùseOnly: LIST OF ARTICLES FSD Exhibit# Hem# Description,Unknown,,,588
Entry-589-189,"they metwith Det. Armiger, who tookcustodyofthe purchased Cannabis. Det. Armigerthen tooktheCannabis backto the Harford County DrugTask Force Office, where itwas packaged and secured in theSpecial Investigations Division Property Room. Det. Armigerwill transportthe",Unknown,,,589
Entry-589-190,"Det. Armigerthen tooktheCannabis backto the Harford County DrugTask Force Office, where itwas packaged and secured in theSpecial Investigations Division Property Room. Det. Armigerwill transportthe",Unknown,,,589
Entry-596-191,Tan & ClearBag Containing Suspected Cannabis 1 1 t----···--··· ·-···- OYes OYes - -· $30 E [ZINo 00No ·-· Approx?ate Weight= 3.5 Grams ...,Ambiguous,3.5,,596
Entry-601-192,"1 1 .... ""Gelato 42 H}'.brid"" containing susoected Cannabis $30 E Œ O !N V o es O Œ!N Y o es -?------·-- ---·- ApproximateWeight- 3.5 Grams ..ß.Jua.zipJiu¡_st){le_b.aggj.e...lslJ?.?led ""RoadTrip"" 2 1 __""DesertStardust Mushroom Gummies"" -· $25 E O [il v N e o s l 0 î Y lN e o s ApproximateWeight> 8 G",Edible,3.5,,601
Entry-610-193,"totalof2,094.15grams ofTHC",Unknown,94.15,,610
Entry-610-194,grams ofTHC,Unknown,,,610
Entry-610-195,containing 1.314.5grams ofTHC,Unknown,314.5,,610
Entry-610-196,containing956 grams ofTHC,Unknown,,,610
Entry-610-197,956grams ofTHC,Unknown,956.0,,610
s,"Intotal, 4,905.77 grams ofTHC was seized from the business. These items ranged fromvarious edibles, vapes,",Edible,905.77,the business,632
s,"• Gummies - 654 items containing atotal of2,094.15 grams ofTHC",Edible,94.15,,632
s,• Dabs- 39 items containing 71 grams ofTHC,Concentrate,71.0,,632
s,• Carts - 100 items containing 200 grams ofTHC,Cartridge,200.0,,632
s,"• Pre-Rolled""Joints"" - 799 items containing 1.314.5 grams ofTHC",Preroll,314.5,,632
s,• Raw Flower- 16 items containing 956 grams ofTHC 20500121192 Page3 632,Unknown,956.0,,632
scontaining,• Prepackaged Flower- 113 itemscontaining 956 grams ofTHC,Unknown,956.0,,632
Entry-655-205,Description : PLASTICTUBECONTAININGCANNABIS I 655 Print Date: 06/23/2025 21:53 Page 7of7,Unknown,,,655
Entry-656-206,"2 Zip-Lock bag with suspected Cannabis f'JI. J<· ?6 7a 3 Zip- Lock bag with a package containing suspected THC edibles!V·l$""·_J,1.3 4 Zip-Lock bag with a box containing suspected THC vape cartridge¡.y-?.2.'1')L{ 5 Zip-Lock bag with plastictube containing suspected Cannabis Bl·?S. ,.,16",Cartridge,,,656
Entry-656-207,"3 Zip- Lock bag with a package containing suspected THC edibles!V·l$""·_J,1.3 4 Zip-Lock bag with a box containing suspected THC vape cartridge¡.y-?.2.'1')L{ 5 Zip-Lock bag with plastictube containing suspected Cannabis Bl·?S. ,.,16",Cartridge,,,656
Entry-656-208,"4 Zip-Lock bag with a box containing suspected THC vape cartridge¡.y-?.2.'1')L{ 5 Zip-Lock bag with plastictube containing suspected Cannabis Bl·?S. ,.,16",Cartridge,,,656
Entry-656-209,"5 Zip-Lock bag with plastictube containing suspected Cannabis Bl·?S. ,.,16",Ambiguous,,,656
Entry-662-210,"Afterthe sale, Detective Scrogginsreturnedto his covertvehicle andtransportedthe Cannabisto the Harford County DrugTask Force Office forprocessing. Nothing furtherto reportatthis time. Corporal Deasel#984 SergeantSives#835",Unknown,,,662
EV-25,1 Popart Bag Containing Suspected Cannabis EV-25-1242,Ambiguous,,,663
Entry-664-212,"DetectiveArmigermetwithAgentMangold, who wouldconduct the test. Toe cannabiswas testedutilizing the LightLab 3 Cannabis Analyzer. Asaresult ofthetest,thepurchased Cannabis testedata t 'HC levelof10.7% THC, which is higherthanthelegal limitof2.5?%, whichisallo?wablebyMarylandstate law. easese attache",Unknown,,,664
Entry-664-213,"LightLab 3 Cannabis Analyzer. Asaresult ofthetest,thepurchased Cannabis testedata t 'HC levelof10.7% THC, which is higherthanthelegal limitof2.5?%, whichisallo?wablebyMarylandstate law. easese attached results for specific details. f I?",Unknown,,,664
Entry-676-217,"safekeeping. Detective Armigerwill transportthe Cannabistothe MarylandCannabisCommission, whereit will be analyzed and asupplementwill beperformed. This investigation is ongoing. Detective P. Armiger#160 Corporal Wolfe#592 SergeantDeveau #497 Page 1",Unknown,,,676
MD 21040,"Supplement 7 Grams Cannabis 1711 Pulaski Highway, Edgewood, MD 21040",Unknown,7.0,,676
On 02,"On 02/26/2025 atapproximately 1300 hrs., DetectiveArmiger#160 madecontactwithCl#1378forthepurposeof",Unknown,,,676
room,"Onceback atthe Task Force Office,Detective Armigerplaced theCannabis in the locked evidenceroom for safekeeping. Detective Armigerwill transportthe Cannabistothe MarylandCannabisCommission, whereit will be analyzed and asupplementwill beperformed. This investigation is ongoing. Detective P. Armiger#",Unknown,,,676
Entry-678-218,"?urevana Brand Delta 1O THC Flower I [] [] 530.00 ? ??s ??s ----· ,..., _ n,·--• i-------i?-----i ApproximateWeight- 11 (.;,rams I ·-····-· 0Ycs OYes",Unknown,,,678
Entry-684-219,"1 1 . containing suspected Cannabis Oves Oves $30 E ?No Œ!No ,-... ApproximateWeight= 3.5Grams ..---· -8.luazip.loc...sMe...baggj.e._1ª_b?l?d ""Road Trip"" 2 1 ""Desert StardustMushroom Gummies"" Oves OVes",Edible,3.5,,684
Entry-687-220,"Afterthe sale, Detective ...,..,rogginsreturnedto hiscovertvehicle a.?-.. eventuallytransported the Cannabis to the Harford County Drug TaskForce Officeforprocessing. Nothing further to reportatthis time. Page2 687",Unknown,,,687
Entry-693-221,"• 2918.3 gramsTHC • 616.6grams Psilocybin This report is in reference to a search and seizure warrant that was conducted at Tobacco Town, located at",Unknown,616.6,,693
Entry-693-222,"THC and Psilocybin products illegally in Harford County, Maryland.",Unknown,,,693
Entry-694-223,"Tobacco Townhad a vast array ofTHC andpsilocybin products throughout thebusiness to includepre rolled suspectedmarihuana""blunts"", ""suspected THC gummies"", ""suspected THCvapes"", suspected loose marihuana, and suspectedpsilocybin. Page2 694",Edible,,,694
Entry-694-224,"rolled suspectedmarihuana""blunts"", ""suspected THC gummies"", ""suspected THCvapes"", suspected loose marihuana, and suspectedpsilocybin. Page2 694",Edible,,,694
Entry-696-225,• 2918.3gramsTHC • 616.6grams Psilocybin,Unknown,616.6,,696
Entry-703-226,"3 THC-O Gummies 2 pack, suspected THC 4 Modus Platnium blend diamond sauce CB9A + THC-P, suspectedTHC 5 Road trip desert stardust mushroom gummies, suspected Psilocybin ***Analysis forCDS and purity*** s",Edible,,,703
Entry-704-227,V Brownbox.containing297assortedTHCedibles o E O Yes 0 Yes 181 No [81 No lt'\'1 ApproximateWeight=617.22grams,Edible,617.22,,704
Entry-712-228,"• 2918.3 gramsTHC • 616.6grams Psilocybin This report is in reference to a search and seizure warrant that was conducted atTobacco Town, located at",Unknown,616.6,,712
Entry-712-229,"THC and Psilocybin products illegally in Harford County, Maryland. I",Unknown,,,712
Entry-713-230,"TobaccoTown had a vast array ofTHC andpsilocybin products throughoutthe business to include pre rolled suspected marihuana ""blunts"", ""suspectedTHCgummies"", ""suspected THC vapes"", suspected loose marihuana, and suspectedpsilocybin. Page 2 713",Edible,,,713
Entry-713-231,"rolled suspected marihuana ""blunts"", ""suspectedTHCgummies"", ""suspected THC vapes"", suspected loose marihuana, and suspectedpsilocybin. Page 2 713",Edible,,,713
Entry-715-232,• 2918.3gramsTHC • 616.6grams Psilocybin,Unknown,616.6,,715
Entry-722-233,"3 THC-O Gummies 2 pack, suspected THC 4 Modus Platnium blend diamond sauce CB9A + THC-P, suspected THC 5 Road trip desert stardust mushroom gummies, suspected Psilocybin ***Analysis for CDS and purity***",Edible,,,722
Entry-723-234,"Brownboxcontaining297as ortedTHCedibles o E 0 Yes Oves f2]No f2]No ""f'\7 ApproximateWeight=617.22grams",Edible,617.22,,723
Entry-727-235,"1 Bag containing 3 prerolled cigarettes suspected Cannabis L \J ' ) -? ,i -? 2 Bag containing suspected THC gummies 7; -=l 1 \.I 3 bag containing package of suspected Psllccybln gummies ,;} -::.} 1 ') 317(¡ 4 bag containing suspected waxtype THC",Concentrate,,,727
Entry-727-236,"2 Bag containing suspected THC gummies 7; -=l 1 \.I 3 bag containing package of suspected Psllccybln gummies ,;} -::.} 1 ') 317(¡ 4 bag containing suspected waxtype THC 5 bag containing suspected cannabis ti v 1 .)- -· /) l ') -·+",Concentrate,,,727
Entry-727-237,4 bag containing suspected waxtype THC 5 bag containing suspected cannabis ti v 1 .)- -· /) l ') -·+,Concentrate,,,727
Entry-727-238,5 bag containing suspected cannabis ti v 1 .)- -· /) l ') -·+,Ambiguous,,,727
Entry-731-239,"11 2 Zip-Lock bag with suspected Cannabis v.:. 'k 7J 1 1, 3 Zip- Lock bag with a package containing suspected THC ediblesí ¡, I )v > . · J y 1? ,I ? 4 Zip-Lock bag with a box containing suspected THC vape cartridge,: 1, ),: )( J'( ' J .",Cartridge,,,731
Entry-731-240,"3 Zip- Lock bag with a package containing suspected THC ediblesí ¡, I )v > . · J y 1? ,I ? 4 Zip-Lock bag with a box containing suspected THC vape cartridge,: 1, ),: )( J'( ' J . 5 Zip-Lock bag with plastictube containing suspected Cannabis ¡ 'v \ I '",Cartridge,,,731
Entry-731-241,"? 4 Zip-Lock bag with a box containing suspected THC vape cartridge,: 1, ),: )( J'( ' J . 5 Zip-Lock bag with plastictube containing suspected Cannabis ¡ 'v \ I ' ;",Cartridge,,,731
Entry-731-242,5 Zip-Lock bag with plastictube containing suspected Cannabis ¡ 'v \ I ' ; / {,Ambiguous,,,731
Entry-741-243,Total Delta-9-THC :i?: 1.00%byweight Weight 2.02 g (+/- 0.02 g) (net) 1 sample(s) tested,Unknown,2.02,,741
